"geometry","name"
"POLYGON((16.520348 59.281668, 16.54541 59.235689, 16.289978 59.235689, 16.110077 59.280616, 15.486603 59.237796, 14.80957 59.548241, 15.79422 59.637211, 16.189728 59.527354, 16.335297 59.549633, 16.4246 59.4128, 16.4747 59.4308, 16.5876 59.376, 16.831055 59.826874, 17.311707 59.349996, 17.605591 58.982576, 16.840668 59.291137, 16.4743 59.3138, 16.520348 59.281668))","Eskilstuna"
