"geometry","type","speed_limit"
"POLYGON((16.469881 59.38024,16.469581 59.379693,16.470139 59.379704,16.470418 59.380097,16.469881 59.38024))","forbidden",0
"POLYGON((16.687955 59.608152,16.688492 59.607881,16.687934 59.607794,16.687312 59.608174,16.687955 59.608152))","forbidden",0
"POLYGON((16.68832 59.607631,16.689243 59.608109,16.689458 59.607848,16.688664 59.607458,16.68832 59.607631))","forbidden",0
"POLYGON((15.234136 59.285373,15.237226 59.284803,15.23641 59.284408,15.233535 59.284934,15.234136 59.285373))","forbidden",0
"POLYGON((15.236367 59.286491,15.237741 59.285899,15.237526 59.285022,15.238599 59.285022,15.2392 59.285811,15.237526 59.287017,15.236367 59.286491))","forbidden",0
